ds,coicop_base,volume,deflator,price,unemployment_rate,is_holiday
1997-01-01,01,23488,56.5,13261,7.3,0
1997-04-01,01,23309,56.8,13239,7.2,0
1997-07-01,01,23133,57.1,13215,6.9,0
1997-10-01,01,24173,57,13773,6.5,0
1998-01-01,01,23833,56.9,13553,6.4,0
1998-04-01,01,24197,57.1,13827,6.3,0
1998-07-01,01,24436,57.7,14104,6.2,0
1998-10-01,01,24309,57.7,14038,6.2,0
1999-01-01,01,24286,58.2,14142,6.2,0
1999-04-01,01,25562,57.8,14781,6.0,0
1999-07-01,01,25415,57.2,14534,5.9,0
1999-10-01,01,24006,57.1,13710,5.8,0
2000-01-01,01,25084,57,14298,5.8,0
2000-04-01,01,24789,56.9,14098,5.5,0
2000-07-01,01,24960,57.6,14388,5.3,0
2000-10-01,01,24942,57.8,14414,5.2,0
2001-01-01,01,25068,58.1,14575,5.1,0
2001-04-01,01,24261,60,14546,5.0,0
2001-07-01,01,24960,59.7,14911,5.1,0
2001-10-01,01,25625,59.7,15289,5.2,0
2002-01-01,01,24451,60.5,14790,5.2,0
2002-04-01,01,24736,59.9,14822,5.2,0
2002-07-01,01,25405,59.8,15182,5.2,0
2002-10-01,01,26420,59.7,15783,5.1,0
2003-01-01,01,25958,60,15563,5.1,0
2003-04-01,01,26825,60.7,16296,5.0,0
2003-07-01,01,26603,60.9,16200,5.0,0
2003-10-01,01,26145,61.3,16015,4.9,0
2004-01-01,01,27141,61.4,16659,4.8,0
2004-04-01,01,26638,61.3,16320,4.8,0
2004-07-01,01,26868,60.8,16349,4.7,0
2004-10-01,01,27556,61.2,16867,4.7,0
2005-01-01,01,27172,62,16857,4.7,0
2005-04-01,01,27270,61.7,16828,4.8,0
2005-07-01,01,27245,62,16893,4.8,0
2005-10-01,01,27737,62.2,17244,5.1,0
2006-01-01,01,27871,62.3,17377,5.2,0
2006-04-01,01,27353,63.2,17276,5.5,0
2006-07-01,01,27573,64.2,17704,5.5,0
2006-10-01,01,27667,64.6,17877,5.5,0
2007-01-01,01,27868,64.8,18054,5.5,0
2007-04-01,01,26976,66.2,17849,5.4,0
2007-07-01,01,28052,66.4,18615,5.3,0
2007-10-01,01,27485,68.6,18849,5.2,0
2008-01-01,01,27439,69.2,18981,5.2,0
2008-04-01,01,27732,71.9,19939,5.4,0
2008-07-01,01,26493,74.5,19734,5.9,0
2008-10-01,01,25758,74.7,19231,6.4,0
2009-01-01,01,25733,76.1,19579,7.0,0
2009-04-01,01,26388,77.1,20339,7.8,0
2009-07-01,01,26265,76.4,20060,7.9,0
2009-10-01,01,26388,76.1,20092,7.8,0
2010-01-01,01,25139,76.9,19323,8.0,0
2010-04-01,01,26682,78.2,20870,7.9,0
2010-07-01,01,26136,79.3,20716,7.8,0
2010-10-01,01,25613,80.1,20515,7.9,0
2011-01-01,01,26493,81.5,21597,7.8,0
2011-04-01,01,26068,82.4,21470,7.9,0
2011-07-01,01,26366,83.8,22093,8.3,0
2011-10-01,01,26524,84,22271,8.4,0
2012-01-01,01,26236,84.5,22177,8.2,0
2012-04-01,01,25968,85.3,22143,8.0,0
2012-07-01,01,25876,85.5,22134,7.8,0
2012-10-01,01,26955,86.9,23413,7.8,0
2013-01-01,01,25960,87.7,22779,7.9,0
2013-04-01,01,26022,88.7,23071,7.7,0
2013-07-01,01,26610,89,23689,7.6,0
2013-10-01,01,26301,89.2,23464,7.2,0
2014-01-01,01,26523,89.3,23681,6.7,0
2014-04-01,01,26427,89.1,23548,6.3,0
2014-07-01,01,26688,88.3,23565,6.0,0
2014-10-01,01,26902,87.6,23571,5.7,0
2015-01-01,01,26643,86.6,23078,5.5,0
2015-04-01,01,26695,86.3,23049,5.6,0
2015-07-01,01,27015,86,23229,5.3,0
2015-10-01,01,27008,85.5,23089,5.1,0
2016-01-01,01,28151,84.8,23869,5.1,0
2016-04-01,01,28824,84.5,24367,4.9,0
2016-07-01,01,29537,84.3,24912,4.9,0
2016-10-01,01,29615,84.3,24958,4.7,0
2017-01-01,01,29579,85,25152,4.6,0
2017-04-01,01,30341,86.3,26178,4.4,0
2017-07-01,01,29773,86.4,25738,4.3,0
2017-10-01,01,30003,87.9,26380,4.3,0
2018-01-01,01,29994,88.1,26420,4.2,0
2018-04-01,01,30099,87.9,26466,4.1,0
2018-07-01,01,30848,88.1,27183,4.1,0
2018-10-01,01,30906,88.7,27419,4.0,0
2019-01-01,01,30555,88.7,27096,3.9,0
2019-04-01,01,30509,89,27162,3.9,0
2019-07-01,01,30725,89.6,27519,3.9,0
2019-10-01,01,30809,90.1,27754,3.8,0
2020-01-01,01,32648,89.8,29308,4.0,0
2020-04-01,01,32472,90.9,29516,4.2,0
2020-07-01,01,31783,89.8,28546,4.9,0
2020-10-01,01,31549,89.7,28288,5.2,0
2021-01-01,01,32815,89.7,29424,4.9,0
2021-04-01,01,32619,89.6,29217,4.7,0
2021-07-01,01,32198,90.2,29058,4.4,0
2021-10-01,01,32073,92,29508,4.2,0
2022-01-01,01,31552,93.9,29620,3.8,0
2022-04-01,01,31637,97.4,30817,3.7,0
2022-07-01,01,31985,102.1,32643,3.7,0
2022-10-01,01,32042,106.5,34136,3.9,0
2023-01-01,01,31908,110.4,35227,4.0,0
2023-04-01,01,31663,114.7,36302,4.2,0
2023-07-01,01,30931,115.6,35764,4.1,0
2023-10-01,01,30884,116.4,35948,4.0,0
2024-01-01,01,31261,116.5,36412,4.3,1
2024-04-01,01,31163,116.7,36363,4.3,1
2024-07-01,01,31162,117.4,36588,4.2,0
2024-10-01,01,30901,118.7,36665,4.4,0
2025-01-01,01,30930,119.8,37046,4.5,1
1997-01-01,02,16530,46.1,7619,7.3,0
1997-04-01,02,16541,46,7603,7.2,0
1997-07-01,02,16579,46,7631,6.9,0
1997-10-01,02,16554,46.5,7693,6.5,0
1998-01-01,02,16579,47.5,7881,6.4,0
1998-04-01,02,16757,47.3,7922,6.3,0
1998-07-01,02,16453,47.2,7762,6.2,0
1998-10-01,02,16205,47.7,7734,6.2,0
1999-01-01,02,16312,49.1,8014,6.2,0
1999-04-01,02,16158,49.5,7998,6.0,0
1999-07-01,02,16106,50,8053,5.9,0
1999-10-01,02,16148,50.3,8123,5.8,0
2000-01-01,02,15976,50.6,8091,5.8,0
2000-04-01,02,15836,51.5,8154,5.5,0
2000-07-01,02,15824,51.8,8201,5.3,0
2000-10-01,02,15695,52.2,8195,5.2,0
2001-01-01,02,15526,52.8,8205,5.1,0
2001-04-01,02,15517,52.9,8207,5.0,0
2001-07-01,02,15507,52.9,8198,5.1,0
2001-10-01,02,15446,52.5,8116,5.2,0
2002-01-01,02,15336,52.9,8108,5.2,0
2002-04-01,02,15566,51.9,8078,5.2,0
2002-07-01,02,15654,51.8,8116,5.2,0
2002-10-01,02,15877,51.8,8232,5.1,0
2003-01-01,02,16132,51.5,8312,5.1,0
2003-04-01,02,16121,51.7,8330,5.0,0
2003-07-01,02,16182,51.9,8402,5.0,0
2003-10-01,02,16138,52,8393,4.9,0
2004-01-01,02,15804,52.3,8261,4.8,0
2004-04-01,02,15591,52.4,8165,4.8,0
2004-07-01,02,15272,52.6,8033,4.7,0
2004-10-01,02,15519,52.9,8211,4.7,0
2005-01-01,02,15511,52.8,8193,4.7,0
2005-04-01,02,15662,52.3,8198,4.8,0
2005-07-01,02,15932,53.4,8507,4.8,0
2005-10-01,02,15864,54.8,8694,5.1,0
2006-01-01,02,15422,56,8641,5.2,0
2006-04-01,02,15513,57.3,8891,5.5,0
2006-07-01,02,15406,57.6,8877,5.5,0
2006-10-01,02,15179,57.3,8694,5.5,0
2007-01-01,02,15095,57.2,8638,5.5,0
2007-04-01,02,14900,56.8,8456,5.4,0
2007-07-01,02,15026,56.3,8453,5.3,0
2007-10-01,02,14972,55.9,8370,5.2,0
2008-01-01,02,15256,55,8384,5.2,0
2008-04-01,02,15237,57.4,8746,5.4,0
2008-07-01,02,15325,58.8,9006,5.9,0
2008-10-01,02,15249,60.1,9171,6.4,0
2009-01-01,02,14802,62.7,9275,7.0,0
2009-04-01,02,15031,63.8,9585,7.8,0
2009-07-01,02,14982,64.2,9622,7.9,0
2009-10-01,02,15019,63.3,9513,7.8,0
2010-01-01,02,14446,63.8,9210,8.0,0
2010-04-01,02,14765,63.2,9329,7.9,0
2010-07-01,02,14312,64.5,9231,7.8,0
2010-10-01,02,14415,66.2,9547,7.9,0
2011-01-01,02,14086,70.8,9967,7.8,0
2011-04-01,02,14170,74,10483,7.9,0
2011-07-01,02,14056,75.5,10618,8.3,0
2011-10-01,02,14026,75.7,10615,8.4,0
2012-01-01,02,13794,75.7,10437,8.2,0
2012-04-01,02,13574,75.8,10285,8.0,0
2012-07-01,02,13636,75.3,10266,7.8,0
2012-10-01,02,13800,75.6,10429,7.8,0
2013-01-01,02,14046,76.8,10781,7.9,0
2013-04-01,02,13458,77.1,10380,7.7,0
2013-07-01,02,13782,78.6,10834,7.6,0
2013-10-01,02,13447,79.3,10665,7.2,0
2014-01-01,02,13313,79.6,10593,6.7,0
2014-04-01,02,12731,80.7,10270,6.3,0
2014-07-01,02,12759,80.7,10294,6.0,0
2014-10-01,02,12583,81,10194,5.7,0
2015-01-01,02,12467,81.1,10112,5.5,0
2015-04-01,02,12234,80.8,9880,5.6,0
2015-07-01,02,12206,81,9887,5.3,0
2015-10-01,02,12190,80.9,9859,5.1,0
2016-01-01,02,12011,81.5,9786,5.1,0
2016-04-01,02,12078,80.9,9774,4.9,0
2016-07-01,02,11897,82.6,9821,4.9,0
2016-10-01,02,11886,83.6,9941,4.7,0
2017-01-01,02,12071,84.6,10208,4.6,0
2017-04-01,02,12132,86.7,10514,4.4,0
2017-07-01,02,12146,88.2,10717,4.3,0
2017-10-01,02,12183,89.3,10875,4.3,0
2018-01-01,02,12042,89.8,10808,4.2,0
2018-04-01,02,12353,88.8,10965,4.1,0
2018-07-01,02,12288,90.8,11163,4.1,0
2018-10-01,02,11998,92.3,11073,4.0,0
2019-01-01,02,11852,92.1,10918,3.9,0
2019-04-01,02,11596,92.2,10687,3.9,0
2019-07-01,02,11654,92.6,10786,3.9,0
2019-10-01,02,11527,93.1,10729,3.8,0
2020-01-01,02,12237,92.7,11347,4.0,0
2020-04-01,02,13626,95.1,12961,4.2,0
2020-07-01,02,13511,94.2,12727,4.9,0
2020-10-01,02,12895,95.2,12276,5.2,0
2021-01-01,02,13375,95.9,12832,4.9,0
2021-04-01,02,13226,95.6,12647,4.7,0
2021-07-01,02,12546,96.7,12134,4.4,0
2021-10-01,02,12209,98.6,12041,4.2,0
2022-01-01,02,11915,98.5,11742,3.8,0
2022-04-01,02,11838,99.8,11810,3.7,0
2022-07-01,02,11897,100.3,11937,3.7,0
2022-10-01,02,11785,101.4,11946,3.9,0
2023-01-01,02,11754,100.5,11810,4.0,0
2023-04-01,02,11709,103.9,12171,4.2,0
2023-07-01,02,11508,105.9,12191,4.1,0
2023-10-01,02,11459,106.7,12228,4.0,0
2024-01-01,02,11518,109.1,12567,4.3,1
2024-04-01,02,11477,109.8,12604,4.3,1
2024-07-01,02,11507,110.3,12691,4.2,0
2024-10-01,02,11503,111.6,12843,4.4,0
2025-01-01,02,11388,113.8,12962,4.5,1
1997-01-01,03,6970,101.8,7095,7.3,0
1997-04-01,03,7229,100.9,7295,7.2,0
1997-07-01,03,7349,99.1,7283,6.9,0
1997-10-01,03,7678,98.3,7545,6.5,0
1998-01-01,03,7669,98.1,7523,6.4,0
1998-04-01,03,7756,100,7754,6.3,0
1998-07-01,03,7870,101,7945,6.2,0
1998-10-01,03,7715,101.9,7858,6.2,0
1999-01-01,03,7988,100.1,7999,6.2,0
1999-04-01,03,8042,99.7,8018,6.0,0
1999-07-01,03,8216,99,8135,5.9,0
1999-10-01,03,8444,97.2,8207,5.8,0
2000-01-01,03,8632,95.9,8274,5.8,0
2000-04-01,03,8842,96.5,8531,5.5,0
2000-07-01,03,9138,95.3,8704,5.3,0
2000-10-01,03,9335,96,8958,5.2,0
2001-01-01,03,9244,94.6,8746,5.1,0
2001-04-01,03,9415,93.5,8802,5.0,0
2001-07-01,03,9857,91.8,9048,5.1,0
2001-10-01,03,10228,90.7,9277,5.2,0
2002-01-01,03,10584,90.2,9547,5.2,0
2002-04-01,03,10696,89.7,9593,5.2,0
2002-07-01,03,10938,89.1,9743,5.2,0
2002-10-01,03,10962,90,9861,5.1,0
2003-01-01,03,11182,90.2,10084,5.1,0
2003-04-01,03,11363,90.4,10272,5.0,0
2003-07-01,03,11473,90.4,10373,5.0,0
2003-10-01,03,11592,89.2,10342,4.9,0
2004-01-01,03,11726,89.5,10493,4.8,0
2004-04-01,03,11740,89.4,10495,4.8,0
2004-07-01,03,11643,89.5,10424,4.7,0
2004-10-01,03,11797,89.5,10564,4.7,0
2005-01-01,03,12028,89.5,10771,4.7,0
2005-04-01,03,11944,88.6,10583,4.8,0
2005-07-01,03,12252,88.6,10850,4.8,0
2005-10-01,03,12573,88,11064,5.1,0
2006-01-01,03,12633,88.2,11137,5.2,0
2006-04-01,03,12554,89.3,11212,5.5,0
2006-07-01,03,12741,88.9,11324,5.5,0
2006-10-01,03,12890,88.7,11435,5.5,0
2007-01-01,03,12493,88.7,11077,5.5,0
2007-04-01,03,12908,89.6,11567,5.4,0
2007-07-01,03,13270,89.2,11832,5.3,0
2007-10-01,03,13199,89,11743,5.2,0
2008-01-01,03,13443,88.4,11889,5.2,0
2008-04-01,03,14003,87.4,12240,5.4,0
2008-07-01,03,13967,87.3,12198,5.9,0
2008-10-01,03,13776,84.9,11690,6.4,0
2009-01-01,03,14598,84,12262,7.0,0
2009-04-01,03,14412,84,12102,7.8,0
2009-07-01,03,14365,83.9,12050,7.9,0
2009-10-01,03,14333,83.3,11943,7.8,0
2010-01-01,03,14461,83.5,12073,8.0,0
2010-04-01,03,14404,85.7,12345,7.9,0
2010-07-01,03,14628,85.8,12556,7.8,0
2010-10-01,03,14393,87.1,12535,7.9,0
2011-01-01,03,14382,88.1,12669,7.8,0
2011-04-01,03,14781,87.9,12988,7.9,0
2011-07-01,03,14626,88.8,12994,8.3,0
2011-10-01,03,14755,89.7,13241,8.4,0
2012-01-01,03,14723,89.9,13229,8.2,0
2012-04-01,03,14787,89.4,13225,8.0,0
2012-07-01,03,15001,89.4,13408,7.8,0
2012-10-01,03,15296,90,13762,7.8,0
2013-01-01,03,15794,89.7,14175,7.9,0
2013-04-01,03,15717,91,14301,7.7,0
2013-07-01,03,16109,91.4,14721,7.6,0
2013-10-01,03,16242,91,14776,7.2,0
2014-01-01,03,15955,90.4,14424,6.7,0
2014-04-01,03,16177,91.8,14849,6.3,0
2014-07-01,03,16167,90.6,14646,6.0,0
2014-10-01,03,16361,90.4,14785,5.7,0
2015-01-01,03,16505,90.5,14939,5.5,0
2015-04-01,03,17000,90.5,15383,5.6,0
2015-07-01,03,17196,91.1,15666,5.3,0
2015-10-01,03,17404,90.7,15779,5.1,0
2016-01-01,03,17331,91.2,15810,5.1,0
2016-04-01,03,17601,90.9,15999,4.9,0
2016-07-01,03,17871,90.9,16240,4.9,0
2016-10-01,03,18048,91.3,16475,4.7,0
2017-01-01,03,17934,90.7,16272,4.6,0
2017-04-01,03,17473,92.4,16151,4.4,0
2017-07-01,03,17450,94,16404,4.3,0
2017-10-01,03,17393,94.5,16432,4.3,0
2018-01-01,03,17569,94.1,16529,4.2,0
2018-04-01,03,17779,93.3,16588,4.1,0
2018-07-01,03,18040,93.7,16911,4.1,0
2018-10-01,03,17728,94.9,16822,4.0,0
2019-01-01,03,18520,92.5,17139,3.9,0
2019-04-01,03,18544,92.8,17208,3.9,0
2019-07-01,03,18932,93.4,17691,3.9,0
2019-10-01,03,18609,95.4,17750,3.8,0
2020-01-01,03,15299,91.4,13980,4.0,0
2020-04-01,03,12468,91.8,11443,4.2,0
2020-07-01,03,15971,92.7,14811,4.9,0
2020-10-01,03,16065,94.6,15191,5.2,0
2021-01-01,03,14833,88.5,13132,4.9,0
2021-04-01,03,17440,92.8,16178,4.7,0
2021-07-01,03,17114,94.5,16167,4.4,0
2021-10-01,03,17284,97.1,16777,4.2,0
2022-01-01,03,18393,95.8,17615,3.8,0
2022-04-01,03,17994,98.9,17800,3.7,0
2022-07-01,03,18009,101.5,18275,3.7,0
2022-10-01,03,18140,103.9,18846,3.9,0
2023-01-01,03,18675,104,19429,4.0,0
2023-04-01,03,18787,106.2,19957,4.2,0
2023-07-01,03,18392,107.8,19820,4.1,0
2023-10-01,03,18224,108.7,19803,4.0,0
2024-01-01,03,18012,109,19628,4.3,1
2024-04-01,03,18136,109,19761,4.3,1
2024-07-01,03,18576,109.2,20282,4.2,0
2024-10-01,03,18357,109.8,20164,4.4,0
2025-01-01,03,18348,109.8,20153,4.5,1
1997-01-01,04,71869,55.5,39922,7.3,0
1997-04-01,04,71523,56,40061,7.2,0
1997-07-01,04,72302,56,40519,6.9,0
1997-10-01,04,72191,56.2,40575,6.5,0
1998-01-01,04,72224,56.6,40894,6.4,0
1998-04-01,04,72586,57.1,41454,6.3,0
1998-07-01,04,72969,57.3,41842,6.2,0
1998-10-01,04,72318,58.5,42290,6.2,0
1999-01-01,04,72830,58.3,42462,6.2,0
1999-04-01,04,73754,58.3,42967,6.0,0
1999-07-01,04,74232,58.6,43501,5.9,0
1999-10-01,04,74260,59.3,44027,5.8,0
2000-01-01,04,74630,59.6,44455,5.8,0
2000-04-01,04,74952,59.4,44520,5.5,0
2000-07-01,04,74723,60,44800,5.3,0
2000-10-01,04,74944,60.5,45352,5.2,0
2001-01-01,04,75603,60.6,45828,5.1,0
2001-04-01,04,75869,60.9,46183,5.0,0
2001-07-01,04,76211,61.2,46624,5.1,0
2001-10-01,04,75923,61.8,46919,5.2,0
2002-01-01,04,76170,62.1,47308,5.2,0
2002-04-01,04,76512,62.2,47588,5.2,0
2002-07-01,04,76920,62.4,48011,5.2,0
2002-10-01,04,77504,62.8,48700,5.1,0
2003-01-01,04,78024,62.6,48842,5.1,0
2003-04-01,04,78761,62.3,49046,5.0,0
2003-07-01,04,79202,62.7,49671,5.0,0
2003-10-01,04,79471,63.2,50190,4.9,0
2004-01-01,04,80177,63.5,50920,4.8,0
2004-04-01,04,80806,63.7,51468,4.8,0
2004-07-01,04,81030,64.1,51945,4.7,0
2004-10-01,04,81513,64.8,52820,4.7,0
2005-01-01,04,81250,65.7,53392,4.7,0
2005-04-01,04,82025,66.4,54442,4.8,0
2005-07-01,04,82090,66.9,54947,4.8,0
2005-10-01,04,82317,67.5,55584,5.1,0
2006-01-01,04,82556,68.3,56374,5.2,0
2006-04-01,04,82810,69.7,57682,5.5,0
2006-07-01,04,83383,70.5,58774,5.5,0
2006-10-01,04,83010,71,58900,5.5,0
2007-01-01,04,83044,71.5,59399,5.5,0
2007-04-01,04,83139,71.9,59806,5.4,0
2007-07-01,04,84508,72.2,60987,5.3,0
2007-10-01,04,83968,72.6,60931,5.2,0
2008-01-01,04,83930,73.6,61776,5.2,0
2008-04-01,04,84458,74.7,63130,5.4,0
2008-07-01,04,84737,75.8,64208,5.9,0
2008-10-01,04,85052,77.2,65651,6.4,0
2009-01-01,04,84935,77.1,65459,7.0,0
2009-04-01,04,83610,77,64353,7.8,0
2009-07-01,04,84196,76.6,64498,7.9,0
2009-10-01,04,85136,75.9,64643,7.8,0
2010-01-01,04,86877,75.8,65827,8.0,0
2010-04-01,04,87343,75.6,66061,7.9,0
2010-07-01,04,87152,75.9,66121,7.8,0
2010-10-01,04,88697,76.4,67751,7.9,0
2011-01-01,04,86813,77.1,66893,7.8,0
2011-04-01,04,86102,77.7,66885,7.9,0
2011-07-01,04,87472,78.2,68432,8.3,0
2011-10-01,04,86361,79.3,68489,8.4,0
2012-01-01,04,87424,79.6,69568,8.2,0
2012-04-01,04,89730,80.1,71896,8.0,0
2012-07-01,04,89411,80.4,71881,7.8,0
2012-10-01,04,89991,81.1,72974,7.8,0
2013-01-01,04,91253,81.4,74313,7.9,0
2013-04-01,04,91535,81.9,74987,7.7,0
2013-07-01,04,90614,82.1,74421,7.6,0
2013-10-01,04,91279,82.8,75567,7.2,0
2014-01-01,04,91434,83.1,75941,6.7,0
2014-04-01,04,91517,83.5,76411,6.3,0
2014-07-01,04,92265,83.7,77190,6.0,0
2014-10-01,04,92100,84.1,77473,5.7,0
2015-01-01,04,93214,84.2,78496,5.5,0
2015-04-01,04,93573,84.4,78986,5.6,0
2015-07-01,04,94779,84.6,80203,5.3,0
2015-10-01,04,93314,85.1,79446,5.1,0
2016-01-01,04,95774,85.6,81986,5.1,0
2016-04-01,04,97247,85.5,83129,4.9,0
2016-07-01,04,96394,86.1,83037,4.9,0
2016-10-01,04,96499,86.7,83617,4.7,0
2017-01-01,04,95324,86.8,82723,4.6,0
2017-04-01,04,94968,87.2,82810,4.4,0
2017-07-01,04,95570,88.1,84168,4.3,0
2017-10-01,04,95298,88.5,84306,4.3,0
2018-01-01,04,96685,88.6,85646,4.2,0
2018-04-01,04,96156,88.7,85252,4.1,0
2018-07-01,04,96441,89.5,86315,4.1,0
2018-10-01,04,96548,90,86910,4.0,0
2019-01-01,04,96423,89.9,86638,3.9,0
2019-04-01,04,97138,90.3,87676,3.9,0
2019-07-01,04,96215,91.1,87620,3.9,0
2019-10-01,04,96414,90.8,87558,3.8,0
2020-01-01,04,96779,91.1,88149,4.0,0
2020-04-01,04,97942,90.4,88493,4.2,0
2020-07-01,04,97868,91.2,89228,4.9,0
2020-10-01,04,98890,90.3,89341,5.2,0
2021-01-01,04,99873,91.1,90956,4.9,0
2021-04-01,04,100456,91.6,92057,4.7,0
2021-07-01,04,97906,93,91098,4.4,0
2021-10-01,04,98109,94.4,92614,4.2,0
2022-01-01,04,98312,95.1,93529,3.8,0
2022-04-01,04,98326,99.9,98272,3.7,0
2022-07-01,04,98294,101,99311,3.7,0
2022-10-01,04,98191,103.9,102011,3.9,0
2023-01-01,04,98410,105.3,103618,4.0,0
2023-04-01,04,98745,106.4,105035,4.2,0
2023-07-01,04,98745,106.7,105395,4.1,0
2023-10-01,04,99555,106.5,105993,4.0,0
2024-01-01,04,99927,108.3,108223,4.3,1
2024-04-01,04,100235,108.7,108908,4.3,1
2024-07-01,04,100805,110.6,111482,4.2,0
2024-10-01,04,100942,112.5,113583,4.4,0
2025-01-01,04,101363,113.7,115295,4.5,1
1997-01-01,05,11247,72.3,8134,7.3,0
1997-04-01,05,10805,72.9,7874,7.2,0
1997-07-01,05,10702,72.5,7760,6.9,0
1997-10-01,05,11065,72.8,8057,6.5,0
1998-01-01,05,11358,72.7,8256,6.4,0
1998-04-01,05,11748,72.8,8557,6.3,0
1998-07-01,05,11995,72.9,8744,6.2,0
1998-10-01,05,11958,73.1,8745,6.2,0
1999-01-01,05,11949,72.9,8706,6.2,0
1999-04-01,05,12029,72.6,8738,6.0,0
1999-07-01,05,12290,72.5,8914,5.9,0
1999-10-01,05,12630,72.6,9165,5.8,0
2000-01-01,05,12879,71.4,9191,5.8,0
2000-04-01,05,13132,71.3,9369,5.5,0
2000-07-01,05,13345,70.8,9450,5.3,0
2000-10-01,05,13409,71.1,9533,5.2,0
2001-01-01,05,14022,70.7,9916,5.1,0
2001-04-01,05,14218,70.9,10080,5.0,0
2001-07-01,05,14341,71.3,10222,5.1,0
2001-10-01,05,14458,71.3,10314,5.2,0
2002-01-01,05,14699,71.5,10512,5.2,0
2002-04-01,05,14362,71.1,10215,5.2,0
2002-07-01,05,14584,71,10353,5.2,0
2002-10-01,05,14826,70.8,10497,5.1,0
2003-01-01,05,14687,70.7,10377,5.1,0
2003-04-01,05,15012,70.6,10592,5.0,0
2003-07-01,05,14886,70.7,10526,5.0,0
2003-10-01,05,15016,70.5,10580,4.9,0
2004-01-01,05,14631,70.4,10293,4.8,0
2004-04-01,05,15025,70.4,10581,4.8,0
2004-07-01,05,15275,70.2,10723,4.7,0
2004-10-01,05,15279,70.4,10762,4.7,0
2005-01-01,05,15479,69.7,10796,4.7,0
2005-04-01,05,15441,69.4,10719,4.8,0
2005-07-01,05,15348,70.5,10817,4.8,0
2005-10-01,05,15855,70.4,11165,5.1,0
2006-01-01,05,15914,70.1,11158,5.2,0
2006-04-01,05,16098,69.7,11226,5.5,0
2006-07-01,05,16083,70.1,11271,5.5,0
2006-10-01,05,16312,70.3,11466,5.5,0
2007-01-01,05,16314,70.4,11478,5.5,0
2007-04-01,05,16597,71.3,11833,5.4,0
2007-07-01,05,16697,71.2,11882,5.3,0
2007-10-01,05,16646,71.6,11922,5.2,0
2008-01-01,05,16100,71.9,11581,5.2,0
2008-04-01,05,15733,72.7,11444,5.4,0
2008-07-01,05,15317,73.4,11249,5.9,0
2008-10-01,05,14631,72.7,10630,6.4,0
2009-01-01,05,14252,74,10551,7.0,0
2009-04-01,05,14090,75.1,10582,7.8,0
2009-07-01,05,14296,75.7,10818,7.9,0
2009-10-01,05,14569,76.2,11098,7.8,0
2010-01-01,05,14577,76.4,11130,8.0,0
2010-04-01,05,14912,76.7,11442,7.9,0
2010-07-01,05,14949,77.6,11601,7.8,0
2010-10-01,05,14773,78.4,11577,7.9,0
2011-01-01,05,14599,79.7,11635,7.8,0
2011-04-01,05,14336,80,11473,7.9,0
2011-07-01,05,14269,81.1,11576,8.3,0
2011-10-01,05,14073,81.9,11529,8.4,0
2012-01-01,05,14175,82.5,11701,8.2,0
2012-04-01,05,14343,83.1,11923,8.0,0
2012-07-01,05,14139,83.2,11765,7.8,0
2012-10-01,05,14147,83,11740,7.8,0
2013-01-01,05,14257,83.1,11841,7.9,0
2013-04-01,05,14632,83.1,12155,7.7,0
2013-07-01,05,14501,83.5,12115,7.6,0
2013-10-01,05,14321,83.7,11990,7.2,0
2014-01-01,05,14758,83.5,12328,6.7,0
2014-04-01,05,14876,84.2,12524,6.3,0
2014-07-01,05,15152,84.2,12758,6.0,0
2014-10-01,05,15443,83.5,12899,5.7,0
2015-01-01,05,15812,83.8,13245,5.5,0
2015-04-01,05,16021,83.7,13406,5.6,0
2015-07-01,05,16133,84.4,13616,5.3,0
2015-10-01,05,16750,84,14065,5.1,0
2016-01-01,05,16415,83.7,13739,5.1,0
2016-04-01,05,16590,83.4,13840,4.9,0
2016-07-01,05,17142,83.2,14260,4.9,0
2016-10-01,05,17349,83.5,14489,4.7,0
2017-01-01,05,17684,84.7,14972,4.6,0
2017-04-01,05,17927,84.9,15214,4.4,0
2017-07-01,05,17961,85.8,15411,4.3,0
2017-10-01,05,17923,87.2,15632,4.3,0
2018-01-01,05,18587,86.8,16131,4.2,0
2018-04-01,05,18122,87,15764,4.1,0
2018-07-01,05,18315,87.3,15990,4.1,0
2018-10-01,05,18769,87.4,16412,4.0,0
2019-01-01,05,18706,87.5,16360,3.9,0
2019-04-01,05,19172,87.6,16797,3.9,0
2019-07-01,05,19005,88,16723,3.9,0
2019-10-01,05,18413,88.7,16339,3.8,0
2020-01-01,05,18977,87.8,16660,4.0,0
2020-04-01,05,17370,87.8,15259,4.2,0
2020-07-01,05,20834,88.2,18367,4.9,0
2020-10-01,05,20230,88.5,17901,5.2,0
2021-01-01,05,19387,88.7,17195,4.9,0
2021-04-01,05,21804,89.9,19607,4.7,0
2021-07-01,05,20509,91.6,18778,4.4,0
2021-10-01,05,20687,93.8,19411,4.2,0
2022-01-01,05,20862,96.8,20184,3.8,0
2022-04-01,05,19906,99,19716,3.7,0
2022-07-01,05,19617,101.4,19882,3.7,0
2022-10-01,05,19148,103.1,19751,3.9,0
2023-01-01,05,18803,105.1,19766,4.0,0
2023-04-01,05,18911,106.1,20072,4.2,0
2023-07-01,05,18852,105.8,19939,4.1,0
2023-10-01,05,18214,105.3,19185,4.0,0
2024-01-01,05,18177,104.8,19054,4.3,1
2024-04-01,05,18219,104.9,19112,4.3,1
2024-07-01,05,18227,104.5,19041,4.2,0
2024-10-01,05,17988,105.2,18928,4.4,0
2025-01-01,05,18394,105.4,19385,4.5,1
1997-01-01,06,4500,55.1,2479,7.3,0
1997-04-01,06,4353,56.1,2443,7.2,0
1997-07-01,06,4380,56.9,2494,6.9,0
1997-10-01,06,4484,56.8,2545,6.5,0
1998-01-01,06,4447,57.5,2559,6.4,0
1998-04-01,06,4434,58.4,2588,6.3,0
1998-07-01,06,4311,58.8,2534,6.2,0
1998-10-01,06,4213,58.8,2476,6.2,0
1999-01-01,06,4102,58.8,2412,6.2,0
1999-04-01,06,4286,58.8,2521,6.0,0
1999-07-01,06,4124,59.5,2454,5.9,0
1999-10-01,06,4107,59.8,2457,5.8,0
2000-01-01,06,4005,59.7,2391,5.8,0
2000-04-01,06,4023,60,2414,5.5,0
2000-07-01,06,4318,60.4,2606,5.3,0
2000-10-01,06,4295,60.8,2611,5.2,0
2001-01-01,06,4828,62,2992,5.1,0
2001-04-01,06,4628,62.8,2908,5.0,0
2001-07-01,06,4541,63.4,2877,5.1,0
2001-10-01,06,4586,63.5,2910,5.2,0
2002-01-01,06,4825,64.3,3101,5.2,0
2002-04-01,06,4850,64.7,3139,5.2,0
2002-07-01,06,4808,64.8,3117,5.2,0
2002-10-01,06,4768,65.4,3117,5.1,0
2003-01-01,06,4881,66.6,3250,5.1,0
2003-04-01,06,4835,67.1,3242,5.0,0
2003-07-01,06,4756,67.8,3223,5.0,0
2003-10-01,06,4736,67.5,3199,4.9,0
2004-01-01,06,4846,67.1,3250,4.8,0
2004-04-01,06,4989,67.6,3371,4.8,0
2004-07-01,06,4589,67.8,3111,4.7,0
2004-10-01,06,4573,68.8,3147,4.7,0
2005-01-01,06,4589,69.5,3188,4.7,0
2005-04-01,06,4504,69.9,3148,4.8,0
2005-07-01,06,4756,70.7,3364,4.8,0
2005-10-01,06,4713,71.1,3351,5.1,0
2006-01-01,06,3727,69.9,2605,5.2,0
2006-04-01,06,3835,70.3,2697,5.5,0
2006-07-01,06,4204,69.9,2937,5.5,0
2006-10-01,06,4493,69.5,3121,5.5,0
2007-01-01,06,5207,71.3,3711,5.5,0
2007-04-01,06,5391,72.3,3898,5.4,0
2007-07-01,06,5491,73.1,4013,5.3,0
2007-10-01,06,5619,73.6,4136,5.2,0
2008-01-01,06,5389,74.4,4008,5.2,0
2008-04-01,06,5253,74.6,3919,5.4,0
2008-07-01,06,5160,75.1,3873,5.9,0
2008-10-01,06,5174,74.7,3866,6.4,0
2009-01-01,06,5070,75.1,3810,7.0,0
2009-04-01,06,5101,75.5,3849,7.8,0
2009-07-01,06,5077,76,3858,7.9,0
2009-10-01,06,5161,76.4,3944,7.8,0
2010-01-01,06,5249,77.4,4061,8.0,0
2010-04-01,06,5355,77.6,4156,7.9,0
2010-07-01,06,5372,78.4,4210,7.8,0
2010-10-01,06,5391,78.3,4221,7.9,0
2011-01-01,06,5886,78.8,4640,7.8,0
2011-04-01,06,5479,78.6,4305,7.9,0
2011-07-01,06,5437,79.1,4299,8.3,0
2011-10-01,06,5388,79.8,4298,8.4,0
2012-01-01,06,5618,80.4,4515,8.2,0
2012-04-01,06,5697,81.6,4650,8.0,0
2012-07-01,06,6113,81.9,5005,7.8,0
2012-10-01,06,6615,81.8,5413,7.8,0
2013-01-01,06,6633,82.4,5465,7.9,0
2013-04-01,06,7061,83,5860,7.7,0
2013-07-01,06,7374,83.3,6146,7.6,0
2013-10-01,06,7558,82.9,6268,7.2,0
2014-01-01,06,7407,84.3,6244,6.7,0
2014-04-01,06,7302,84.8,6195,6.3,0
2014-07-01,06,7089,84.9,6017,6.0,0
2014-10-01,06,7051,84.6,5964,5.7,0
2015-01-01,06,7320,85.1,6227,5.5,0
2015-04-01,06,7247,85.7,6210,5.6,0
2015-07-01,06,7255,86.1,6245,5.3,0
2015-10-01,06,7519,85.6,6434,5.1,0
2016-01-01,06,7575,86.7,6568,5.1,0
2016-04-01,06,7490,87.4,6543,4.9,0
2016-07-01,06,7888,87.8,6928,4.9,0
2016-10-01,06,7530,86.1,6481,4.7,0
2017-01-01,06,7837,87.4,6848,4.6,0
2017-04-01,06,7911,88,6961,4.4,0
2017-07-01,06,7581,88.4,6700,4.3,0
2017-10-01,06,7735,87.8,6794,4.3,0
2018-01-01,06,7669,89,6824,4.2,0
2018-04-01,06,7784,89.8,6990,4.1,0
2018-07-01,06,7762,90.4,7016,4.1,0
2018-10-01,06,7871,90.1,7094,4.0,0
2019-01-01,06,8037,91.7,7372,3.9,0
2019-04-01,06,7786,92.7,7214,3.9,0
2019-07-01,06,7723,93,7181,3.9,0
2019-10-01,06,7494,92.5,6931,3.8,0
2020-01-01,06,7200,94.2,6784,4.0,0
2020-04-01,06,4602,95.2,4380,4.2,0
2020-07-01,06,5408,95.2,5151,4.9,0
2020-10-01,06,6318,94.2,5954,5.2,0
2021-01-01,06,6361,95.4,6069,4.9,0
2021-04-01,06,7009,96.8,6784,4.7,0
2021-07-01,06,7251,97.6,7079,4.4,0
2021-10-01,06,7581,97.7,7406,4.2,0
2022-01-01,06,7537,98.6,7431,3.8,0
2022-04-01,06,7437,99.4,7390,3.7,0
2022-07-01,06,7405,100.3,7427,3.7,0
2022-10-01,06,7815,101.7,7946,3.9,0
2023-01-01,06,7882,104.5,8239,4.0,0
2023-04-01,06,7891,107.6,8489,4.2,0
2023-07-01,06,7928,109.8,8704,4.1,0
2023-10-01,06,7788,111.3,8670,4.0,0
2024-01-01,06,7775,113,8789,4.3,1
2024-04-01,06,7799,115,8972,4.3,1
2024-07-01,06,7785,116,9030,4.2,0
2024-10-01,06,7703,117.4,9041,4.4,0
2025-01-01,06,7911,118.5,9377,4.5,1
1997-01-01,07,41036,47.7,19572,7.3,0
1997-04-01,07,42674,48.1,20537,7.2,0
1997-07-01,07,45926,48.9,22439,6.9,0
1997-10-01,07,43990,49,21576,6.5,0
1998-01-01,07,44928,49.5,22219,6.4,0
1998-04-01,07,43019,49.2,21158,6.3,0
1998-07-01,07,45925,50,22950,6.2,0
1998-10-01,07,45848,49.6,22719,6.2,0
1999-01-01,07,45538,48.9,22263,6.2,0
1999-04-01,07,47345,50.4,23841,6.0,0
1999-07-01,07,47669,50.6,24101,5.9,0
1999-10-01,07,46771,50.8,23770,5.8,0
2000-01-01,07,46248,51.3,23705,5.8,0
2000-04-01,07,48716,51.4,25022,5.5,0
2000-07-01,07,48651,51.7,25144,5.3,0
2000-10-01,07,49455,51.2,25333,5.2,0
2001-01-01,07,49284,52.5,25857,5.1,0
2001-04-01,07,50292,51.9,26104,5.0,0
2001-07-01,07,49904,52.2,26069,5.1,0
2001-10-01,07,49935,52,25955,5.2,0
2002-01-01,07,50340,51.8,26065,5.2,0
2002-04-01,07,49678,53.1,26363,5.2,0
2002-07-01,07,50766,52.6,26710,5.2,0
2002-10-01,07,50142,52.9,26519,5.1,0
2003-01-01,07,50439,54.1,27305,5.1,0
2003-04-01,07,50751,53.6,27199,5.0,0
2003-07-01,07,50586,54.3,27471,5.0,0
2003-10-01,07,50624,54.5,27586,4.9,0
2004-01-01,07,50156,55.1,27655,4.8,0
2004-04-01,07,50496,55.6,28054,4.8,0
2004-07-01,07,50705,56.1,28424,4.7,0
2004-10-01,07,51974,56.9,29586,4.7,0
2005-01-01,07,52345,56.7,29690,4.7,0
2005-04-01,07,52039,57.1,29735,4.8,0
2005-07-01,07,52192,58.4,30502,4.8,0
2005-10-01,07,52696,59,31091,5.1,0
2006-01-01,07,52270,59.1,30890,5.2,0
2006-04-01,07,52099,59.8,31155,5.5,0
2006-07-01,07,52611,59.6,31356,5.5,0
2006-10-01,07,51908,59,30600,5.5,0
2007-01-01,07,53135,58.1,30890,5.5,0
2007-04-01,07,53177,61.4,32655,5.4,0
2007-07-01,07,55658,60.7,33793,5.3,0
2007-10-01,07,55910,62.6,35002,5.2,0
2008-01-01,07,56606,63,35651,5.2,0
2008-04-01,07,56102,63.1,35422,5.4,0
2008-07-01,07,52156,65.6,34226,5.9,0
2008-10-01,07,48858,63,30771,6.4,0
2009-01-01,07,48265,62.7,30257,7.0,0
2009-04-01,07,49783,63.6,31639,7.8,0
2009-07-01,07,50647,64,32403,7.9,0
2009-10-01,07,51169,65.8,33645,7.8,0
2010-01-01,07,49624,66.5,32993,8.0,0
2010-04-01,07,49704,68.7,34150,7.9,0
2010-07-01,07,49523,69.2,34271,7.8,0
2010-10-01,07,49101,70.3,34494,7.9,0
2011-01-01,07,48919,73,35687,7.8,0
2011-04-01,07,48858,72.8,35552,7.9,0
2011-07-01,07,48554,73.7,35801,8.3,0
2011-10-01,07,49279,73.8,36381,8.4,0
2012-01-01,07,50121,73.1,36614,8.2,0
2012-04-01,07,48551,74.8,36326,8.0,0
2012-07-01,07,49353,74.3,36667,7.8,0
2012-10-01,07,50945,74.7,38057,7.8,0
2013-01-01,07,50213,75,37670,7.9,0
2013-04-01,07,51731,75.3,38954,7.7,0
2013-07-01,07,52816,75.7,39957,7.6,0
2013-10-01,07,52083,76.5,39856,7.2,0
2014-01-01,07,52125,75.8,39487,6.7,0
2014-04-01,07,53369,75.3,40182,6.3,0
2014-07-01,07,54328,75.5,41026,6.0,0
2014-10-01,07,55777,74.3,41464,5.7,0
2015-01-01,07,55148,73.1,40290,5.5,0
2015-04-01,07,55028,73.8,40590,5.6,0
2015-07-01,07,56043,74.1,41515,5.3,0
2015-10-01,07,55846,74,41313,5.1,0
2016-01-01,07,58115,73,42415,5.1,0
2016-04-01,07,56917,74.1,42179,4.9,0
2016-07-01,07,58059,73.9,42891,4.9,0
2016-10-01,07,57637,74.5,42931,4.7,0
2017-01-01,07,58773,75,44069,4.6,0
2017-04-01,07,56642,75.4,42727,4.4,0
2017-07-01,07,58413,75.1,43895,4.3,0
2017-10-01,07,59166,77,45555,4.3,0
2018-01-01,07,58636,78.6,46066,4.2,0
2018-04-01,07,58985,79.3,46801,4.1,0
2018-07-01,07,58811,79.9,46966,4.1,0
2018-10-01,07,58785,81.2,47746,4.0,0
2019-01-01,07,59917,82.1,49167,3.9,0
2019-04-01,07,59818,81.6,48817,3.9,0
2019-07-01,07,58609,82.3,48209,3.9,0
2019-10-01,07,56045,83.2,46629,3.8,0
2020-01-01,07,51739,81.7,42254,4.0,0
2020-04-01,07,21527,81.5,17551,4.2,0
2020-07-01,07,39515,84.3,33292,4.9,0
2020-10-01,07,35588,84.3,29983,5.2,0
2021-01-01,07,33612,84.8,28488,4.9,0
2021-04-01,07,39956,86.5,34556,4.7,0
2021-07-01,07,42886,91.1,39074,4.4,0
2021-10-01,07,46398,94.4,43790,4.2,0
2022-01-01,07,47246,98.4,46512,3.8,0
2022-04-01,07,49464,99.7,49316,3.7,0
2022-07-01,07,49590,101.4,50286,3.7,0
2022-10-01,07,52624,100.4,52810,3.9,0
2023-01-01,07,51612,100.8,52040,4.0,0
2023-04-01,07,52337,99.7,52183,4.2,0
2023-07-01,07,52196,99.7,52060,4.1,0
2023-10-01,07,51577,99.2,51172,4.0,0
2024-01-01,07,51675,101.1,52261,4.3,1
2024-04-01,07,51862,104.9,54424,4.3,1
2024-07-01,07,51450,104,53521,4.2,0
2024-10-01,07,51612,101.8,52566,4.4,0
2025-01-01,07,52020,105.4,54828,4.5,1
1997-01-01,08,173,1946.8,3368,7.3,0
1997-04-01,08,203,1756.1,3565,7.2,0
1997-07-01,08,217,1655.8,3593,6.9,0
1997-10-01,08,231,1571.4,3630,6.5,0
1998-01-01,08,235,1562.1,3671,6.4,0
1998-04-01,08,268,1438.1,3854,6.3,0
1998-07-01,08,278,1393.9,3875,6.2,0
1998-10-01,08,299,1319.1,3944,6.2,0
1999-01-01,08,298,1318.1,3928,6.2,0
1999-04-01,08,318,1262.6,4015,6.0,0
1999-07-01,08,348,1173.3,4083,5.9,0
1999-10-01,08,373,1112.3,4149,5.8,0
2000-01-01,08,417,1046.3,4363,5.8,0
2000-04-01,08,449,975.1,4378,5.5,0
2000-07-01,08,491,911,4473,5.3,0
2000-10-01,08,501,893.2,4475,5.2,0
2001-01-01,08,523,858.7,4491,5.1,0
2001-04-01,08,525,852.8,4477,5.0,0
2001-07-01,08,554,814.6,4513,5.1,0
2001-10-01,08,562,820.8,4613,5.2,0
2002-01-01,08,576,770.3,4437,5.2,0
2002-04-01,08,582,780.4,4542,5.2,0
2002-07-01,08,619,733.8,4542,5.2,0
2002-10-01,08,638,719.7,4592,5.1,0
2003-01-01,08,668,699.8,4675,5.1,0
2003-04-01,08,694,685.4,4757,5.0,0
2003-07-01,08,739,658.2,4864,5.0,0
2003-10-01,08,768,641,4923,4.9,0
2004-01-01,08,823,647.5,5329,4.8,0
2004-04-01,08,840,638.5,5363,4.8,0
2004-07-01,08,880,611.7,5383,4.7,0
2004-10-01,08,898,586.2,5264,4.7,0
2005-01-01,08,899,593.5,5336,4.7,0
2005-04-01,08,938,575.3,5396,4.8,0
2005-07-01,08,979,563.3,5515,4.8,0
2005-10-01,08,993,564.9,5609,5.1,0
2006-01-01,08,1014,550.1,5578,5.2,0
2006-04-01,08,1038,544.6,5653,5.5,0
2006-07-01,08,1077,521,5611,5.5,0
2006-10-01,08,1098,509.1,5590,5.5,0
2007-01-01,08,1098,510.7,5608,5.5,0
2007-04-01,08,1116,501.6,5598,5.4,0
2007-07-01,08,1157,492.7,5701,5.3,0
2007-10-01,08,1238,470,5818,5.2,0
2008-01-01,08,1296,440,5703,5.2,0
2008-04-01,08,1360,428.2,5824,5.4,0
2008-07-01,08,1359,414.9,5639,5.9,0
2008-10-01,08,1433,389.4,5580,6.4,0
2009-01-01,08,1465,369.9,5419,7.0,0
2009-04-01,08,1495,373.4,5582,7.8,0
2009-07-01,08,1513,368.3,5572,7.9,0
2009-10-01,08,1572,345.4,5429,7.8,0
2010-01-01,08,1636,336.1,5499,8.0,0
2010-04-01,08,1756,333.9,5864,7.9,0
2010-07-01,08,1828,329.4,6022,7.8,0
2010-10-01,08,1954,311.1,6078,7.9,0
2011-01-01,08,1991,306.3,6098,7.8,0
2011-04-01,08,2024,300,6073,7.9,0
2011-07-01,08,2072,295.4,6121,8.3,0
2011-10-01,08,2214,284.9,6308,8.4,0
2012-01-01,08,2277,280.3,6382,8.2,0
2012-04-01,08,2311,280.3,6478,8.0,0
2012-07-01,08,2348,277.3,6510,7.8,0
2012-10-01,08,2386,268.1,6397,7.8,0
2013-01-01,08,2353,273.4,6432,7.9,0
2013-04-01,08,2404,266.5,6406,7.7,0
2013-07-01,08,2438,256.6,6255,7.6,0
2013-10-01,08,2548,253.3,6453,7.2,0
2014-01-01,08,2496,247.3,6173,6.7,0
2014-04-01,08,2678,226.9,6076,6.3,0
2014-07-01,08,2816,217.8,6134,6.0,0
2014-10-01,08,2950,209,6166,5.7,0
2015-01-01,08,3092,200.9,6213,5.5,0
2015-04-01,08,3215,194.3,6246,5.6,0
2015-07-01,08,3257,193.7,6308,5.3,0
2015-10-01,08,3413,186.5,6364,5.1,0
2016-01-01,08,3801,184.1,6998,5.1,0
2016-04-01,08,3988,181.2,7225,4.9,0
2016-07-01,08,4084,177.4,7243,4.9,0
2016-10-01,08,4271,172.3,7358,4.7,0
2017-01-01,08,4267,165.5,7063,4.6,0
2017-04-01,08,4405,165.7,7298,4.4,0
2017-07-01,08,4546,161.5,7341,4.3,0
2017-10-01,08,4705,158.5,7458,4.3,0
2018-01-01,08,5077,143.4,7278,4.2,0
2018-04-01,08,5051,140,7069,4.1,0
2018-07-01,08,5163,136.3,7038,4.1,0
2018-10-01,08,5373,131.2,7048,4.0,0
2019-01-01,08,5372,129.4,6951,3.9,0
2019-04-01,08,5598,124.4,6962,3.9,0
2019-07-01,08,5785,121.2,7013,3.9,0
2019-10-01,08,5959,122.8,7316,3.8,0
2020-01-01,08,6589,109.7,7229,4.0,0
2020-04-01,08,6622,107.8,7137,4.2,0
2020-07-01,08,7215,105.2,7593,4.9,0
2020-10-01,08,7203,105.6,7606,5.2,0
2021-01-01,08,6765,102.8,6954,4.9,0
2021-04-01,08,7105,101.4,7206,4.7,0
2021-07-01,08,7197,100.7,7249,4.4,0
2021-10-01,08,7458,100.1,7468,4.2,0
2022-01-01,08,7790,100,7790,3.8,0
2022-04-01,08,7594,100.8,7657,3.7,0
2022-07-01,08,7560,100.2,7574,3.7,0
2022-10-01,08,7237,98.9,7160,3.9,0
2023-01-01,08,7258,101.1,7336,4.0,0
2023-04-01,08,7206,105.1,7577,4.2,0
2023-07-01,08,7281,104.1,7582,4.1,0
2023-10-01,08,7512,104.3,7838,4.0,0
2024-01-01,08,7703,104.5,8053,4.3,1
2024-04-01,08,7660,106.3,8141,4.3,1
2024-07-01,08,7836,106.5,8349,4.2,0
2024-10-01,08,7911,106.7,8438,4.4,0
2025-01-01,08,7664,107.7,8253,4.5,1
1997-01-01,09,14688,99.4,14604,7.3,0
1997-04-01,09,15039,98.9,14880,7.2,0
1997-07-01,09,14825,98.2,14562,6.9,0
1997-10-01,09,15013,98.2,14750,6.5,0
1998-01-01,09,15465,97.8,15119,6.4,0
1998-04-01,09,15914,97,15440,6.3,0
1998-07-01,09,16304,96,15653,6.2,0
1998-10-01,09,16971,95,16129,6.2,0
1999-01-01,09,17419,94.4,16440,6.2,0
1999-04-01,09,17683,94.1,16642,6.0,0
1999-07-01,09,18664,92.4,17250,5.9,0
1999-10-01,09,18869,92.3,17421,5.8,0
2000-01-01,09,19563,91.5,17900,5.8,0
2000-04-01,09,19670,91,17905,5.5,0
2000-07-01,09,20226,90.4,18290,5.3,0
2000-10-01,09,20393,89.8,18319,5.2,0
2001-01-01,09,20563,89.2,18352,5.1,0
2001-04-01,09,21159,89.2,18880,5.0,0
2001-07-01,09,21615,89.5,19351,5.1,0
2001-10-01,09,21556,88.8,19131,5.2,0
2002-01-01,09,22510,89.2,20079,5.2,0
2002-04-01,09,22719,88.7,20151,5.2,0
2002-07-01,09,22870,88.3,20194,5.2,0
2002-10-01,09,22722,87.8,19943,5.1,0
2003-01-01,09,23430,87.7,20555,5.1,0
2003-04-01,09,24052,86.9,20913,5.0,0
2003-07-01,09,24861,86.4,21483,5.0,0
2003-10-01,09,25088,86.3,21655,4.9,0
2004-01-01,09,25507,85.5,21804,4.8,0
2004-04-01,09,26118,85.4,22300,4.8,0
2004-07-01,09,25991,85.2,22151,4.7,0
2004-10-01,09,26064,84.8,22104,4.7,0
2005-01-01,09,26586,84.1,22366,4.7,0
2005-04-01,09,26304,83.5,21959,4.8,0
2005-07-01,09,27161,83.3,22624,4.8,0
2005-10-01,09,27796,83.2,23132,5.1,0
2006-01-01,09,27561,83,22888,5.2,0
2006-04-01,09,28403,83,23568,5.5,0
2006-07-01,09,28440,82.5,23465,5.5,0
2006-10-01,09,28897,82.5,23844,5.5,0
2007-01-01,09,29308,82.2,24088,5.5,0
2007-04-01,09,29328,81.8,23988,5.4,0
2007-07-01,09,29641,81.4,24127,5.3,0
2007-10-01,09,29756,81.9,24365,5.2,0
2008-01-01,09,30803,81.4,25072,5.2,0
2008-04-01,09,30610,81,24784,5.4,0
2008-07-01,09,30398,80.9,24591,5.9,0
2008-10-01,09,29465,79.8,23516,6.4,0
2009-01-01,09,29630,80.7,23901,7.0,0
2009-04-01,09,29013,81.3,23599,7.8,0
2009-07-01,09,29114,81.9,23854,7.9,0
2009-10-01,09,29339,81.3,23860,7.8,0
2010-01-01,09,28703,82.4,23660,8.0,0
2010-04-01,09,29792,82.4,24544,7.9,0
2010-07-01,09,30200,82.2,24833,7.8,0
2010-10-01,09,30468,82.5,25122,7.9,0
2011-01-01,09,30405,83.6,25423,7.8,0
2011-04-01,09,30187,82.9,25026,7.9,0
2011-07-01,09,30077,82.4,24796,8.3,0
2011-10-01,09,29852,82.4,24593,8.4,0
2012-01-01,09,29150,82.7,24099,8.2,0
2012-04-01,09,28631,82.7,23679,8.0,0
2012-07-01,09,30885,83.2,25684,7.8,0
2012-10-01,09,30504,83.2,25379,7.8,0
2013-01-01,09,30161,83.9,25306,7.9,0
2013-04-01,09,30884,84.1,25980,7.7,0
2013-07-01,09,31246,83.9,26207,7.6,0
2013-10-01,09,31326,84.2,26383,7.2,0
2014-01-01,09,31101,84.5,26282,6.7,0
2014-04-01,09,31213,85,26529,6.3,0
2014-07-01,09,32298,85.1,27476,6.0,0
2014-10-01,09,32394,84.9,27496,5.7,0
2015-01-01,09,32481,84.6,27463,5.5,0
2015-04-01,09,33161,84.6,28069,5.6,0
2015-07-01,09,33235,84.9,28221,5.3,0
2015-10-01,09,32934,85.3,28107,5.1,0
2016-01-01,09,32787,85.3,27956,5.1,0
2016-04-01,09,32636,86.1,28106,4.9,0
2016-07-01,09,32723,86.8,28399,4.9,0
2016-10-01,09,33763,86.6,29253,4.7,0
2017-01-01,09,34368,86.9,29873,4.6,0
2017-04-01,09,34870,87.7,30578,4.4,0
2017-07-01,09,35510,88.2,31326,4.3,0
2017-10-01,09,35399,88.5,31325,4.3,0
2018-01-01,09,35016,89.2,31245,4.2,0
2018-04-01,09,34093,89.6,30549,4.1,0
2018-07-01,09,34844,90.2,31423,4.1,0
2018-10-01,09,36066,90.4,32603,4.0,0
2019-01-01,09,35579,91.1,32420,3.9,0
2019-04-01,09,36920,91.4,33743,3.9,0
2019-07-01,09,36936,91.8,33893,3.9,0
2019-10-01,09,36778,91.8,33759,3.8,0
2020-01-01,09,35730,92.4,33017,4.0,0
2020-04-01,09,26757,92.9,24866,4.2,0
2020-07-01,09,30908,93.1,28789,4.9,0
2020-10-01,09,32758,93.7,30700,5.2,0
2021-01-01,09,31779,94.2,29921,4.9,0
2021-04-01,09,35115,94.6,33202,4.7,0
2021-07-01,09,35299,95.7,33791,4.4,0
2021-10-01,09,36196,96.7,35000,4.2,0
2022-01-01,09,37192,98.7,36696,3.8,0
2022-04-01,09,37433,99.2,37132,3.7,0
2022-07-01,09,37727,100.4,37888,3.7,0
2022-10-01,09,37437,101.7,38073,3.9,0
2023-01-01,09,36948,102.8,37968,4.0,0
2023-04-01,09,36308,104.8,38060,4.2,0
2023-07-01,09,36115,105.5,38100,4.1,0
2023-10-01,09,35607,106,37742,4.0,0
2024-01-01,09,36465,107,39000,4.3,1
2024-04-01,09,36699,107.5,39440,4.3,1
2024-07-01,09,36825,108.4,39934,4.2,0
2024-10-01,09,36921,108.7,40148,4.4,0
2025-01-01,09,37185,109.8,40843,4.5,1
1997-01-01,10,6359,21.7,1380,7.3,0
1997-04-01,10,6434,21.8,1404,7.2,0
1997-07-01,10,6453,22.2,1434,6.9,0
1997-10-01,10,6389,22.9,1462,6.5,0
1998-01-01,10,6502,22.9,1492,6.4,0
1998-04-01,10,6652,22.9,1521,6.3,0
1998-07-01,10,6657,23.3,1548,6.2,0
1998-10-01,10,6523,24.1,1572,6.2,0
1999-01-01,10,6841,24.2,1653,6.2,0
1999-04-01,10,6665,24.1,1608,6.0,0
1999-07-01,10,6454,24.5,1584,5.9,0
1999-10-01,10,6259,25.4,1591,5.8,0
2000-01-01,10,5523,25.3,1400,5.8,0
2000-04-01,10,6498,25.3,1643,5.5,0
2000-07-01,10,6951,25.7,1789,5.3,0
2000-10-01,10,6847,26.9,1845,5.2,0
2001-01-01,10,6679,27,1802,5.1,0
2001-04-01,10,6903,27,1862,5.0,0
2001-07-01,10,6975,27.3,1906,5.1,0
2001-10-01,10,6836,28.2,1930,5.2,0
2002-01-01,10,6867,28.3,1942,5.2,0
2002-04-01,10,6899,28.2,1944,5.2,0
2002-07-01,10,6881,28.3,1947,5.2,0
2002-10-01,10,6432,30.5,1964,5.1,0
2003-01-01,10,6487,30.5,1978,5.1,0
2003-04-01,10,6561,30.5,2000,5.0,0
2003-07-01,10,6616,30.7,2031,5.0,0
2003-10-01,10,6502,31.8,2070,4.9,0
2004-01-01,10,6658,31.8,2117,4.8,0
2004-04-01,10,6795,31.8,2158,4.8,0
2004-07-01,10,6853,32,2190,4.7,0
2004-10-01,10,6669,33.2,2216,4.7,0
2005-01-01,10,6728,33.2,2235,4.7,0
2005-04-01,10,6809,33,2250,4.8,0
2005-07-01,10,6867,33.4,2291,4.8,0
2005-10-01,10,6696,34.9,2336,5.1,0
2006-01-01,10,6838,34.8,2382,5.2,0
2006-04-01,10,7027,34.9,2449,5.5,0
2006-07-01,10,7170,35.3,2529,5.5,0
2006-10-01,10,6671,39.3,2624,5.5,0
2007-01-01,10,6981,39.4,2748,5.5,0
2007-04-01,10,7251,39.3,2850,5.4,0
2007-07-01,10,7346,39.9,2928,5.3,0
2007-10-01,10,6717,44.7,3001,5.2,0
2008-01-01,10,6759,44.7,3020,5.2,0
2008-04-01,10,6853,44.4,3042,5.4,0
2008-07-01,10,6930,44.7,3098,5.9,0
2008-10-01,10,6614,47.8,3162,6.4,0
2009-01-01,10,6852,48.1,3299,7.0,0
2009-04-01,10,7062,47.9,3385,7.8,0
2009-07-01,10,7182,48.3,3467,7.9,0
2009-10-01,10,7014,50.2,3519,7.8,0
2010-01-01,10,7098,50.5,3582,8.0,0
2010-04-01,10,7197,50.3,3617,7.9,0
2010-07-01,10,7223,50.7,3661,7.8,0
2010-10-01,10,7042,52.8,3715,7.9,0
2011-01-01,10,7172,52.9,3794,7.8,0
2011-04-01,10,7295,52.5,3833,7.9,0
2011-07-01,10,7362,53,3903,8.3,0
2011-10-01,10,7204,55.2,3979,8.4,0
2012-01-01,10,7242,55.4,4009,8.2,0
2012-04-01,10,7419,55.3,4105,8.0,0
2012-07-01,10,7615,55.4,4219,7.8,0
2012-10-01,10,6949,66,4587,7.8,0
2013-01-01,10,6915,65.8,4553,7.9,0
2013-04-01,10,7042,65.7,4630,7.7,0
2013-07-01,10,7374,66,4868,7.6,0
2013-10-01,10,6867,72.2,4960,7.2,0
2014-01-01,10,7120,72.2,5141,6.7,0
2014-04-01,10,7348,72.2,5303,6.3,0
2014-07-01,10,7533,72.6,5467,6.0,0
2014-10-01,10,7116,79.1,5629,5.7,0
2015-01-01,10,7326,79,5788,5.5,0
2015-04-01,10,7525,78.9,5940,5.6,0
2015-07-01,10,7682,79.1,6079,5.3,0
2015-10-01,10,7525,82.5,6209,5.1,0
2016-01-01,10,7681,82.4,6332,5.1,0
2016-04-01,10,7815,82.4,6437,4.9,0
2016-07-01,10,7872,83,6530,4.9,0
2016-10-01,10,7709,85.7,6608,4.7,0
2017-01-01,10,7794,85.6,6674,4.6,0
2017-04-01,10,7883,85.6,6744,4.4,0
2017-07-01,10,7962,85.7,6826,4.3,0
2017-10-01,10,7874,87.9,6918,4.3,0
2018-01-01,10,7989,87.9,7021,4.2,0
2018-04-01,10,8085,87.9,7106,4.1,0
2018-07-01,10,8133,88.2,7172,4.1,0
2018-10-01,10,7978,90.5,7222,4.0,0
2019-01-01,10,8014,90.7,7270,3.9,0
2019-04-01,10,8032,90.9,7303,3.9,0
2019-07-01,10,8073,90.8,7327,3.9,0
2019-10-01,10,8024,91.6,7347,3.8,0
2020-01-01,10,8089,92.8,7505,4.0,0
2020-04-01,10,7062,104.2,7362,4.2,0
2020-07-01,10,7540,98.8,7450,4.9,0
2020-10-01,10,7749,99.2,7687,5.2,0
2021-01-01,10,8258,95.1,7851,4.9,0
2021-04-01,10,8438,95.1,8021,4.7,0
2021-07-01,10,8591,95.4,8193,4.4,0
2021-10-01,10,8442,99.1,8370,4.2,0
2022-01-01,10,8630,98.8,8526,3.8,0
2022-04-01,10,8829,99.1,8751,3.7,0
2022-07-01,10,9011,99.5,8970,3.7,0
2022-10-01,10,9003,102.5,9226,3.9,0
2023-01-01,10,9088,102.3,9296,4.0,0
2023-04-01,10,9249,102.3,9464,4.2,0
2023-07-01,10,9357,102.9,9633,4.1,0
2023-10-01,10,9172,106.9,9803,4.0,0
2024-01-01,10,9331,106.9,9974,4.3,1
2024-04-01,10,9494,106.9,10146,4.3,1
2024-07-01,10,9600,107.5,10323,4.2,0
2024-10-01,10,9350,112.3,10499,4.4,0
2025-01-01,10,9293,114.9,10674,4.5,1
1997-01-01,11,33316,43.7,14548,7.3,0
1997-04-01,11,35276,44.5,15683,7.2,0
1997-07-01,11,34465,44.6,15385,6.9,0
1997-10-01,11,34310,45,15432,6.5,0
1998-01-01,11,34467,45,15520,6.4,0
1998-04-01,11,34697,46.2,16014,6.3,0
1998-07-01,11,34756,46.8,16259,6.2,0
1998-10-01,11,34678,47.2,16367,6.2,0
1999-01-01,11,34616,47.5,16438,6.2,0
1999-04-01,11,34499,48.2,16619,6.0,0
1999-07-01,11,34915,48.5,16944,5.9,0
1999-10-01,11,35265,48.6,17135,5.8,0
2000-01-01,11,35472,48.9,17355,5.8,0
2000-04-01,11,35638,49.4,17588,5.5,0
2000-07-01,11,35707,49.9,17820,5.3,0
2000-10-01,11,36263,50.4,18269,5.2,0
2001-01-01,11,35982,50.5,18168,5.1,0
2001-04-01,11,35185,51,17937,5.0,0
2001-07-01,11,35852,51.4,18441,5.1,0
2001-10-01,11,35408,52.1,18442,5.2,0
2002-01-01,11,35642,52.8,18811,5.2,0
2002-04-01,11,35572,53,18838,5.2,0
2002-07-01,11,36061,53.6,19311,5.2,0
2002-10-01,11,36440,54.2,19763,5.1,0
2003-01-01,11,36294,54.6,19834,5.1,0
2003-04-01,11,36395,55,20034,5.0,0
2003-07-01,11,37354,55.3,20641,5.0,0
2003-10-01,11,37390,55.5,20757,4.9,0
2004-01-01,11,37522,55.7,20887,4.8,0
2004-04-01,11,37633,56.1,21120,4.8,0
2004-07-01,11,37720,56.5,21319,4.7,0
2004-10-01,11,38517,57.4,22090,4.7,0
2005-01-01,11,38571,57.4,22153,4.7,0
2005-04-01,11,37687,57.6,21713,4.8,0
2005-07-01,11,38020,58.5,22250,4.8,0
2005-10-01,11,38282,59.3,22704,5.1,0
2006-01-01,11,38169,59.1,22563,5.2,0
2006-04-01,11,37849,60.3,22816,5.5,0
2006-07-01,11,38106,60.3,22993,5.5,0
2006-10-01,11,37722,60.6,22855,5.5,0
2007-01-01,11,37492,60.8,22784,5.5,0
2007-04-01,11,38236,62,23705,5.4,0
2007-07-01,11,38887,62.6,24347,5.3,0
2007-10-01,11,37620,63.6,23917,5.2,0
2008-01-01,11,38167,63.9,24395,5.2,0
2008-04-01,11,38020,65,24706,5.4,0
2008-07-01,11,37404,65.5,24505,5.9,0
2008-10-01,11,34319,64.9,22279,6.4,0
2009-01-01,11,34466,65.6,22607,7.0,0
2009-04-01,11,34074,66.4,22633,7.8,0
2009-07-01,11,34187,66.8,22839,7.9,0
2009-10-01,11,33550,66.8,22414,7.8,0
2010-01-01,11,32666,67.2,21959,8.0,0
2010-04-01,11,35032,68.3,23916,7.9,0
2010-07-01,11,35021,69.2,24222,7.8,0
2010-10-01,11,35018,69.8,24456,7.9,0
2011-01-01,11,34601,71.5,24732,7.8,0
2011-04-01,11,34641,71.7,24833,7.9,0
2011-07-01,11,34701,72.4,25128,8.3,0
2011-10-01,11,34688,73.2,25395,8.4,0
2012-01-01,11,34393,73.6,25319,8.2,0
2012-04-01,11,34633,74.8,25905,8.0,0
2012-07-01,11,34947,75.3,26302,7.8,0
2012-10-01,11,36409,75.4,27443,7.8,0
2013-01-01,11,35675,75.4,26908,7.9,0
2013-04-01,11,36167,75.9,27445,7.7,0
2013-07-01,11,36671,76.3,27982,7.6,0
2013-10-01,11,37090,76.5,28368,7.2,0
2014-01-01,11,37036,77.3,28620,6.7,0
2014-04-01,11,36828,78.7,28990,6.3,0
2014-07-01,11,37088,79.1,29321,6.0,0
2014-10-01,11,37226,78.6,29255,5.7,0
2015-01-01,11,37935,79.6,30182,5.5,0
2015-04-01,11,37663,79.7,30024,5.6,0
2015-07-01,11,37971,80.4,30525,5.3,0
2015-10-01,11,38158,80.6,30759,5.1,0
2016-01-01,11,38231,81.2,31060,5.1,0
2016-04-01,11,39038,81.3,31738,4.9,0
2016-07-01,11,39461,82.3,32462,4.9,0
2016-10-01,11,39531,83.2,32880,4.7,0
2017-01-01,11,40765,83.2,33919,4.6,0
2017-04-01,11,39833,84.8,33771,4.4,0
2017-07-01,11,40458,85.4,34567,4.3,0
2017-10-01,11,40169,84.8,34073,4.3,0
2018-01-01,11,40409,85.9,34711,4.2,0
2018-04-01,11,40142,87.2,35005,4.1,0
2018-07-01,11,40462,87.2,35276,4.1,0
2018-10-01,11,40644,86.6,35187,4.0,0
2019-01-01,11,39702,87.7,34802,3.9,0
2019-04-01,11,39097,90.8,35492,3.9,0
2019-07-01,11,40504,90.3,36579,3.9,0
2019-10-01,11,41878,88.7,37146,3.8,0
2020-01-01,11,38989,90.3,35196,4.0,0
2020-04-01,11,7709,90.9,7010,4.2,0
2020-07-01,11,27628,90.2,24933,4.9,0
2020-10-01,11,23095,90.3,20855,5.2,0
2021-01-01,11,17092,93.5,15973,4.9,0
2021-04-01,11,33780,92.4,31199,4.7,0
2021-07-01,11,42697,93.7,40002,4.4,0
2021-10-01,11,36812,95.1,34994,4.2,0
2022-01-01,11,38619,97.1,37495,3.8,0
2022-04-01,11,41414,101,41843,3.7,0
2022-07-01,11,41358,99.8,41269,3.7,0
2022-10-01,11,41625,101.9,42409,3.9,0
2023-01-01,11,40651,106.4,43243,4.0,0
2023-04-01,11,40509,107.3,43480,4.2,0
2023-07-01,11,39730,108.9,43272,4.1,0
2023-10-01,11,39093,110.1,43049,4.0,0
2024-01-01,11,38878,113.1,43970,4.3,1
2024-04-01,11,38603,115.1,44449,4.3,1
2024-07-01,11,38987,115.4,45006,4.2,0
2024-10-01,11,39493,116.4,45958,4.4,0
2025-01-01,11,39476,118.9,46930,4.5,1
1997-01-01,12,25118,64.6,16222,7.3,0
1997-04-01,12,24925,67.9,16933,7.2,0
1997-07-01,12,25643,69.6,17844,6.9,0
1997-10-01,12,25938,69.1,17923,6.5,0
1998-01-01,12,25802,69.9,18038,6.4,0
1998-04-01,12,27023,70,18929,6.3,0
1998-07-01,12,27274,71.1,19384,6.2,0
1998-10-01,12,27370,70,19154,6.2,0
1999-01-01,12,28031,73.4,20580,6.2,0
1999-04-01,12,28073,70.8,19881,6.0,0
1999-07-01,12,27487,68.4,18795,5.9,0
1999-10-01,12,29247,69.2,20235,5.8,0
2000-01-01,12,29864,72.5,21638,5.8,0
2000-04-01,12,29213,71.4,20848,5.5,0
2000-07-01,12,29594,70.9,20978,5.3,0
2000-10-01,12,30182,68.2,20597,5.2,0
2001-01-01,12,29438,72.6,21381,5.1,0
2001-04-01,12,29564,71.4,21122,5.0,0
2001-07-01,12,30658,70.4,21582,5.1,0
2001-10-01,12,32179,62.5,20123,5.2,0
2002-01-01,12,30903,66.9,20689,5.2,0
2002-04-01,12,31468,67.5,21230,5.2,0
2002-07-01,12,31236,68.6,21434,5.2,0
2002-10-01,12,31815,70.4,22398,5.1,0
2003-01-01,12,31842,69,21967,5.1,0
2003-04-01,12,32253,69.7,22476,5.0,0
2003-07-01,12,32073,71.8,23021,5.0,0
2003-10-01,12,33087,73.3,24254,4.9,0
2004-01-01,12,32370,74.8,24205,4.8,0
2004-04-01,12,33188,76.6,25427,4.8,0
2004-07-01,12,34292,78,26737,4.7,0
2004-10-01,12,33535,78,26171,4.7,0
2005-01-01,12,35417,78.2,27712,4.7,0
2005-04-01,12,35832,78.1,27986,4.8,0
2005-07-01,12,36701,76.4,28055,4.8,0
2005-10-01,12,35493,78.9,28013,5.1,0
2006-01-01,12,35284,80.6,28456,5.2,0
2006-04-01,12,34631,81.4,28206,5.5,0
2006-07-01,12,34969,84.4,29515,5.5,0
2006-10-01,12,34781,85.6,29784,5.5,0
2007-01-01,12,36532,79.5,29049,5.5,0
2007-04-01,12,38286,80.6,30873,5.4,0
2007-07-01,12,38803,83,32211,5.3,0
2007-10-01,12,39897,78.5,31304,5.2,0
2008-01-01,12,39200,83.1,32586,5.2,0
2008-04-01,12,35914,86.2,30959,5.4,0
2008-07-01,12,35877,86.9,31194,5.9,0
2008-10-01,12,36256,84.3,30564,6.4,0
2009-01-01,12,35563,81.3,28910,7.0,0
2009-04-01,12,35768,78.9,28207,7.8,0
2009-07-01,12,35626,78.1,27807,7.9,0
2009-10-01,12,36356,75.7,27510,7.8,0
2010-01-01,12,36744,73.5,26997,8.0,0
2010-04-01,12,37463,74.8,28026,7.9,0
2010-07-01,12,37365,76.1,28444,7.8,0
2010-10-01,12,36613,77.2,28279,7.9,0
2011-01-01,12,35820,78.5,28103,7.8,0
2011-04-01,12,35758,78.2,27970,7.9,0
2011-07-01,12,35697,78.4,27996,8.3,0
2011-10-01,12,36488,80.1,29238,8.4,0
2012-01-01,12,36185,80.6,29169,8.2,0
2012-04-01,12,37171,79.2,29458,8.0,0
2012-07-01,12,37125,78.4,29117,7.8,0
2012-10-01,12,37091,78.4,29079,7.8,0
2013-01-01,12,36468,81,29555,7.9,0
2013-04-01,12,36773,81.7,30040,7.7,0
2013-07-01,12,38039,81.8,31107,7.6,0
2013-10-01,12,39380,78.9,31083,7.2,0
2014-01-01,12,40179,82.4,33092,6.7,0
2014-04-01,12,41101,85.7,35219,6.3,0
2014-07-01,12,42170,85.9,36236,6.0,0
2014-10-01,12,41295,85.3,35219,5.7,0
2015-01-01,12,40954,84.3,34504,5.5,0
2015-04-01,12,41303,84.8,35045,5.6,0
2015-07-01,12,41013,85.4,35032,5.3,0
2015-10-01,12,41187,85.4,35162,5.1,0
2016-01-01,12,43093,84.3,36325,5.1,0
2016-04-01,12,43854,85,37257,4.9,0
2016-07-01,12,44258,86.8,38425,4.9,0
2016-10-01,12,43695,86.8,37914,4.7,0
2017-01-01,12,44782,84.6,37872,4.6,0
2017-04-01,12,45838,84.2,38595,4.4,0
2017-07-01,12,45526,84,38249,4.3,0
2017-10-01,12,45907,83.7,38413,4.3,0
2018-01-01,12,45473,85.2,38761,4.2,0
2018-04-01,12,45625,85.6,39034,4.1,0
2018-07-01,12,46260,85.8,39670,4.1,0
2018-10-01,12,47655,86.1,41014,4.0,0
2019-01-01,12,47184,86,40562,3.9,0
2019-04-01,12,46982,85.4,40100,3.9,0
2019-07-01,12,47103,85.5,40280,3.9,0
2019-10-01,12,47505,86.5,41083,3.8,0
2020-01-01,12,45942,84,38586,4.0,0
2020-04-01,12,38425,81.8,31433,4.2,0
2020-07-01,12,44280,84.4,37365,4.9,0
2020-10-01,12,42793,85.3,36499,5.2,0
2021-01-01,12,41777,87.5,36563,4.9,0
2021-04-01,12,45580,87.5,39904,4.7,0
2021-07-01,12,46953,87.1,40889,4.4,0
2021-10-01,12,46941,90.8,42606,4.2,0
2022-01-01,12,47534,93.1,44248,3.8,0
2022-04-01,12,48730,96.6,47051,3.7,0
2022-07-01,12,48329,101.1,48837,3.7,0
2022-10-01,12,47924,109.3,52381,3.9,0
2023-01-01,12,47954,113.9,54635,4.0,0
2023-04-01,12,48427,112.3,54382,4.2,0
2023-07-01,12,47389,112.8,53464,4.1,0
2023-10-01,12,47916,112.8,54046,4.0,0
2024-01-01,12,48546,114.4,55528,4.3,1
2024-04-01,12,48641,112.4,54658,4.3,1
2024-07-01,12,49074,112.9,55400,4.2,0
2024-10-01,12,49192,114.3,56206,4.4,0
2025-01-01,12,48883,116.7,57060,4.5,1
